oid,ndethist,ncovhist,mjdstarthist,mjdendhist,corrected,stellar,ndet,g_r_max,g_r_max_corr,g_r_mean,g_r_mean_corr,firstmjd,lastmjd,deltajd,meanra,meandec,sigmara,sigmadec,class,classifier,probability,step_id_corr,tns_match,tns_sep_arcsec,tns_name,tns_name_prefix,tns_type,tns_redshift,tns_full_name
ZTF26aadonog,41,932,61061.50171299977,61111.519548600074,True,False,37,,,,,61061.50171299977,61111.519548600074,50.01783560030162,195.15233316337478,-6.474193859147054,0.0034440991581900565,0.003422135172730746,SNIa,lc_classifier_BHRF_forced_phot,0.663984,27.5.7a32.dev1,True,0.048112921959399056,2026azd,SN,SN Ia-91T-like,0.0156,SN 2026azd
ZTF26aabkqap,35,881,61055.55320600001,61111.51858799998,False,False,35,,,,,61055.55320600001,61111.51858799998,55.96538199996576,203.26306149421114,-16.241590070891135,0.003574307859192522,0.0034316603944330327,SNIa,lc_classifier_BHRF_forced_phot,0.610416,27.5.7a32.dev1,True,0.08777679553828427,2026amc,SN,SN Ia,0.024107,SN 2026amc
ZTF25acldfsf,65,1934,61038.5048727002,61111.46401620004,False,False,62,,,,,61038.5048727002,61111.46401620004,72.95914349984378,218.47327175805506,5.460066832658195,0.0026949759543730776,0.0026827481043277773,SNIa,lc_classifier_BHRF_forced_phot,0.62274,27.5.7a32.dev1,True,0.10422572372977433,2025ajnc,SN,SN Ia,0.024931,SN 2025ajnc
ZTF26aadsezg,121,2965,61065.41228009993,61111.45043980004,False,False,58,,,,,61065.41228009993,61111.45043980004,46.038159700110555,184.3847608783262,13.836323140154652,0.0031165883354399813,0.0030261538235121592,SNIa,lc_classifier_BHRF_forced_phot,0.730536,27.5.7a32.dev1,True,0.15422884815657492,2026bhf,SN,SN Ia,0.065142,SN 2026bhf
ZTF26aadsfln,127,3513,61061.453275499865,61111.44997690013,False,False,85,,,,,61061.454224499874,61111.44997690013,49.99575240025297,188.91274997873504,5.039380130465202,0.0028522265229500333,0.0028412013668301125,SNIa,lc_classifier_BHRF_forced_phot,0.62,27.5.7a32.dev1,True,0.26117716658582557,2026bhk,SN,SN Ia,0.065226,SN 2026bhk
ZTF26aacuoil,34,1076,61059.48164349981,61111.43959489977,False,False,32,,,,,61059.48164349981,61111.43959489977,51.95795139996335,190.8361406268705,-16.52570771270401,0.003586221595328202,0.003438082642921629,SNIa,lc_classifier_BHRF_forced_phot,0.662656,27.5.7a32.dev1,True,0.012810494713424882,2026auf,SN,SN Ia,0.033,SN 2026auf
ZTF26aabjpnx,103,2024,61055.41109950002,61111.383483800106,True,False,70,,,,,61056.29730319977,61111.383483800106,55.086180600337684,144.56730034793748,26.688918925390848,0.0027151224489209706,0.0024258485471108007,SNIa,lc_classifier_BHRF_forced_phot,0.657312,27.5.7a32.dev1,True,0.16245708717115223,2026akn,SN,SN Ia,0.043354,SN 2026akn
ZTF26aafqpqd,42,1313,61079.27781250002,61111.35304399999,False,False,34,,,,,61079.27781250002,61111.35304399999,32.07523149996996,160.1394017606852,2.489350078322197,0.003652184515465962,0.003648737961387396,SNIa,lc_classifier_BHRF_forced_phot,0.67864,27.5.7a32.dev1,True,0.23722082212014142,2026cli,SN,SN Ia,0.08154,SN 2026cli
ZTF25acitiuq,205,3513,61025.433888900094,61111.35065970011,True,False,153,,,,,61025.433888900094,61111.35065970011,85.91677080001682,141.4268953533687,22.334933783867932,0.001963703616691395,0.0018163829631714127,SNIa,lc_classifier_BHRF_forced_phot,0.615568,27.5.7a32.dev1,True,0.1973539516605183,2025ahkt,SN,SN Ia,0.026228,SN 2025ahkt
ZTF26aagdhiy,56,3781,61080.2566550998,61111.327129600104,False,False,53,,,,,61080.2566550998,61111.327129600104,31.070474500302225,134.7556901988416,17.39607279335851,0.010433804882928114,0.009956571077464657,SNIa,lc_classifier_BHRF_forced_phot,0.652,27.5.7a32.dev1,True,0.02491512785717336,2026crq,SN,SN Ia,0.090634,SN 2026crq
ZTF26aafkcnw,89,2167,61078.29291669978,61111.32052080007,False,False,40,,,,,61079.25646989979,61111.32052080007,32.0640509002842,144.9009779571582,0.018836764840008277,0.003407995213957657,0.00340799489983338,SNIa,lc_classifier_BHRF_forced_phot,0.626,27.5.7a32.dev1,True,0.1049557657181865,2026cor,SN,SN Ia,0.0623,SN 2026cor
ZTF26aafcfhi,42,2095,61076.2792014,61111.28416670021,False,False,39,,,,,61078.281365700066,61111.28416670021,33.00280100014061,129.37969779751396,26.924033520024235,0.004364326704094891,0.0038912671539336825,SNIa,lc_classifier_BHRF_forced_phot,0.5964,27.5.7a32.dev1,True,0.06401482063059083,2026cim,AT,,,AT 2026cim
ZTF26aaczrao,76,1536,61060.28565970017,61111.257129599806,False,False,71,,,,,61060.317025499884,61111.257129599806,50.94010409992188,120.55252248175634,-4.239010319859139,0.002502929276688964,0.002496082208648103,SNIa,lc_classifier_BHRF_forced_phot,0.81344,27.5.7a32.dev1,True,0.01376032676344598,2026auh,SN,SN Ia,0.034,SN 2026auh
ZTF26aaaehuj,66,1212,61050.377141200006,61110.45342590008,False,False,61,,,,,61050.377141200006,61110.45342590008,60.0762847000733,155.60451238937864,4.00044014918679,0.0029013388153979218,0.002894269658582714,SNIa,lc_classifier_BHRF_forced_phot,0.716584,27.5.7a32.dev1,True,0.10617334547950974,2026kc,SN,SN Ia,0.0228,SN 2026kc
ZTF25acgyaed,103,2439,61021.26608800003,61108.21756940009,False,False,61,,,,,61021.26608800003,61108.21756940009,86.95148140005767,106.87845477322321,24.631791081791405,0.003671245898258629,0.003337180795205681,SNIa,lc_classifier_BHRF_forced_phot,0.658688,27.5.7a32.dev1,True,0.20150135448545103,2025agie,SN,SN Ia,0.03,SN 2025agie
ZTF25acilyrg,79,2036,61026.38896990009,61108.21615740005,True,False,40,,,,,61027.30171300005,61108.21615740005,80.91444439999759,115.68308395355048,18.327611720604413,0.006305288159882186,0.005985446399328733,SNIa,lc_classifier_BHRF_forced_phot,0.646152,27.5.7a32.dev1,True,0.0699228107334982,2025ahol,SN,SN Ia,0.027949,SN 2025ahol
ZTF26aaahzlv,45,1457,61051.289745400194,61108.16126159998,False,False,41,,,,,61051.289745400194,61108.16126159998,56.87151619978249,82.9068403165183,7.83899282811059,0.011699887300678597,0.011590554653252417,SNIa,lc_classifier_BHRF_forced_phot,0.738,27.5.7a32.dev1,True,0.09081315026204173,2026ns,SN,SN Ia,0.031,SN 2026ns
ZTF26aabguwh,38,1247,61055.292349500116,61106.168530100025,False,False,28,,,,,61055.292349500116,61106.168530100025,50.876180599909276,99.86017224013041,-21.82254691286364,0.015151039615858302,0.014065310126354239,SNIa,lc_classifier_BHRF_forced_phot,0.720192,27.5.7a32.dev1,True,0.5897101986304955,2026afe,SN,SN Ia-pec,0.01,SN 2026afe
ZTF26aacsapb,50,1142,61058.337245400064,61097.42750000022,False,False,28,,,,,61058.337245400064,61097.42750000022,39.090254600159824,163.6038949010082,-12.325050706066959,0.006515637385148971,0.006365467042363711,SNIa,lc_classifier_BHRF_forced_phot,0.64284,27.5.7a32.dev1,True,0.08600204493586144,2026awe,AT,,,AT 2026awe
ZTF26aadrduv,37,1379,61065.332893500105,61096.2270717998,False,False,28,,,,,61065.332893500105,61096.2270717998,30.89417829969898,116.84466218248674,4.045062688477065,0.013965328198300833,0.013930538772769667,SNIa,lc_classifier_BHRF_forced_phot,0.602,27.5.7a32.dev1,True,0.15262556810116265,2026bnk,AT,,,AT 2026bnk
ZTF25achiqqs,144,4875,61022.373981500044,61094.236805600114,False,False,62,,,,,61022.373981500044,61094.236805600114,71.8628241000697,126.96696158797985,36.92193843160716,0.011905720741390475,0.009518084270054166,SNIa,lc_classifier_BHRF_forced_phot,0.726544,27.5.7a32.dev1,True,0.0631605053381578,2025agyo,SN,SN Ia,0.0657,SN 2025agyo
ZTF25acgsoal,208,6640,61017.51925930008,61077.38001159998,False,False,53,,,,,61017.51925930008,61077.38001159998,59.86075229989365,184.485928279251,29.12327347800935,0.011626298135249976,0.01015643858611994,SNIa,lc_classifier_BHRF_forced_phot,0.622,27.5.7a32.dev1,True,0.15010084168933785,2025agjq,SN,SN Ia,0.04762,SN 2025agjq
ZTF25ackwqbt,55,2332,61037.31369209988,61077.3223611,False,False,19,,,,,61038.31517359987,61077.3223611,39.007187500130385,110.67865136773617,49.40910845248124,0.02592586436671346,0.016868754311333334,SNIa,lc_classifier_BHRF_forced_phot,0.612,27.5.7a32.dev1,True,0.14326075215399156,2025aikl,SN,SN Ia,0.064,SN 2025aikl
ZTF26aadsjom,35,2956,61065.42627310008,61076.446678199805,False,False,12,,,,,61065.42627310008,61076.446678199805,11.020405099727213,184.51466301001398,50.45279916786747,0.0331062301639668,0.02107918937035272,SNIa,lc_classifier_BHRF_forced_phot,0.600984,27.5.7a32.dev1,True,0.0385642655112454,2026bjz,SN,SN Ia,0.029621,SN 2026bjz
ZTF25ackrgcs,105,2828,61031.4308449002,61076.4441550998,False,False,25,,,,,61031.4308449002,61076.4441550998,45.01331019960344,148.21056013897777,39.61560960453834,0.018666810923666153,0.014379782511655299,SNIa,lc_classifier_BHRF_forced_phot,0.784,27.5.7a32.dev1,True,0.1673478171542641,2025ahyt,SN,SN Ia,0.045792,SN 2025ahyt
ZTF25achhduc,104,3187,61021.38366900012,61076.13623839989,False,False,24,,,,,61024.39175930014,61076.135300899856,51.74354159971699,109.56980840952346,38.3490889212421,0.019216790186481342,0.015070672782323706,SNIa,lc_classifier_BHRF_forced_phot,0.63,27.5.7a32.dev1,True,0.10443464011798702,2025agyp,SN,SN Ia,0.07,SN 2025agyp
ZTF25acfkvbq,47,1802,61009.21796299983,61075.19535879977,False,False,30,,,,,61015.23049770016,61075.19535879977,59.96486109960824,30.766301577556135,4.243683033985072,0.013486607335495112,0.013449631450815314,SNIa,lc_classifier_BHRF_forced_phot,0.759328,27.5.7a32.dev1,True,0.020877162163676057,2025afih,SN,SN Ia,0.019,SN 2025afih
ZTF25acjpxbf,55,3220,61029.50670140004,61070.47432869999,True,False,19,,,,,61030.44671300007,61070.47432869999,40.02761569991708,192.4733186155048,45.56577302113721,0.024095122417349367,0.016868754311333334,SNIa,lc_classifier_BHRF_forced_phot,0.618,27.5.7a32.dev1,True,0.0948996521722985,2025ahvk,AT,,,AT 2025ahvk
ZTF25acgmdbm,81,2775,61017.426909700036,61070.41783560021,False,False,27,,,,,61020.41484950017,61070.41783560021,50.00298610003665,167.15565757286922,44.52707319768064,0.019807964555404615,0.014121477561711164,SNIa,lc_classifier_BHRF_forced_phot,0.70574,27.5.7a32.dev1,True,0.09494256579981766,2025agix,SN,SN Ia,0.055,SN 2025agix
ZTF25acdceqb,159,2918,60981.49799769977,61070.41575230006,False,False,52,,,,,60981.49799769977,61070.41575230006,88.91775460029021,173.48319160918942,49.38395271166414,0.015477234131436108,0.010075475691918336,SNIa,lc_classifier_BHRF_forced_phot,0.69616,27.5.7a32.dev1,True,0.28704923057617254,2025acsj,SN,SN Ia,0.05,SN 2025acsj
ZTF25acepuxi,116,2520,61003.47472220007,61068.3270717999,False,False,34,,,,,61003.47472220007,61068.3270717999,64.85234959982336,158.53969273122274,60.033347050503274,0.025466659003576725,0.012720490863865088,SNIa,lc_classifier_BHRF_forced_phot,0.79,27.5.7a32.dev1,True,0.2930950200958765,2025aezk,SN,SN Ia,0.050953,SN 2025aezk
ZTF25acepwip,48,1762,61004.45900460007,61061.35760420002,False,False,48,,,,,61004.45900460007,61061.35760420002,56.89859959995374,146.62306917357176,-17.508263039360255,0.011174237569132049,0.010656574921424624,SNIa,lc_classifier_BHRF_forced_phot,0.689836,27.5.7a32.dev1,True,0.3362394155523155,2025aeni,SN,SN Ia,0.055,SN 2025aeni
ZTF25abyguri,58,1957,60968.49736109981,61060.35146989999,True,False,47,,,,,60968.49736109981,61060.35146989999,91.85410880018026,143.30220172381397,27.597865259475228,0.011985233317463666,0.010621563265003332,SNIa,lc_classifier_BHRF_forced_phot,0.76,27.5.7a32.dev1,True,0.019758069918632472,2025abds,SN,SN Ia,0.02,SN 2025abds
ZTF25acjpixj,48,3226,61026.45512730023,61060.29141200008,False,False,12,,,,,61029.47292819992,61060.29141200008,30.81848380016163,141.29203621459314,53.42365196899578,0.03537409462830312,0.021079189370352715,SNIa,lc_classifier_BHRF_forced_phot,0.654,27.5.7a32.dev1,True,0.06264797556686023,2025ahxo,AT,,,AT 2025ahxo
ZTF21abdhetx,334,2212,58285.35296300007,61059.570787000004,False,False,33,,,,,59364.378923600074,61059.570787000004,1695.1918633999303,273.8839321873881,6.724451440715374,0.013282642225796667,0.013191267709453669,SNIa,lc_classifier_BHRF_forced_phot,0.597632,27.5.7a32.dev1,True,0.02211279634617217,2021obh,SN,SN Ia,0.059,SN 2021obh
ZTF25acgohkl,47,2683,61020.19932870008,61059.15269679995,False,False,23,,,,,61020.19932870008,61059.15269679995,38.95336809987202,17.486667337836902,32.78891307505204,0.018215546764503803,0.015313289085219681,SNIa,lc_classifier_BHRF_forced_phot,0.68,27.5.7a32.dev1,True,0.30024802868829165,2025agkg,SN,SN Ia,0.07,SN 2025agkg
ZTF25acfhiob,41,2324,61004.20682869991,61059.151759299915,True,False,30,,,,,61004.20682869991,61059.151759299915,54.94493060000241,22.26031185441439,21.03060017874751,0.014539279363174949,0.01357080177033196,SNIa,lc_classifier_BHRF_forced_phot,0.736524,27.5.7a32.dev1,True,0.17514293033663597,2025afef,SN,SN Ia,0.07,SN 2025afef
ZTF25accsisb,173,3092,60983.205821800046,61059.14689810015,False,False,39,,,,,60983.34015050018,61059.14689810015,75.80674759997055,31.790836706433485,-9.025194905179301,0.0120432051014595,0.011894103480742676,SNIa,lc_classifier_BHRF_forced_phot,0.694,27.5.7a32.dev1,True,0.08073719268593857,2025acgk,SN,SN Ia,0.04,SN 2025acgk
ZTF25acelamc,80,2685,61003.44230319979,61054.367592600174,True,False,26,,,,,61003.44230319979,61054.367592600174,50.925289400387555,140.39811831103256,42.19446071183994,0.019329299936240846,0.014320489213461155,SNIa,lc_classifier_BHRF_forced_phot,0.590816,27.5.7a32.dev1,True,0.07199295991532842,2025aerf,SN,SN Ia,0.0726,SN 2025aerf
ZTF25abuomiz,123,2826,60948.44964119978,61031.43546300009,False,False,44,,,,,60948.44964119978,61031.43546300009,82.98582180030644,126.96365308506314,56.07163004875458,0.019606124292847214,0.010943276079137686,SNIa,lc_classifier_BHRF_forced_phot,0.81672,27.5.7a32.dev1,True,0.08313867366158714,2025yyj,SN,SN Ia,0.041,SN 2025yyj
ZTF25abweiaq,103,3011,60954.51189809991,61031.4308449002,False,False,33,,,,,60954.51189809991,61031.4308449002,76.91894680028781,151.37936333695046,39.67971092378327,0.01685404518332594,0.012971306147207437,SNIa,lc_classifier_BHRF_forced_phot,0.699504,27.5.7a32.dev1,True,0.17650457656757204,2025zri,SN,SN Ia,0.028804,SN 2025zri
ZTF25acekiok,40,2866,61003.39731479995,61031.3817245001,False,False,22,,,,,61003.39731479995,61031.3817245001,27.984409700147808,118.32073525650691,32.78890519201278,0.018301862815618988,0.015385853748749262,SNIa,lc_classifier_BHRF_forced_phot,0.646,27.5.7a32.dev1,True,0.3333017553473869,2025advx,SN,SN Ia,0.0755,SN 2025advx
ZTF25abtsusb,46,2057,60943.4700230998,61031.36166669987,False,False,41,,,,,60943.4700230998,61031.36166669987,87.89164360007271,105.35494871071334,56.53484538871164,0.021019096172195748,0.011590554653252417,SNIa,lc_classifier_BHRF_forced_phot,0.64894,27.5.7a32.dev1,True,0.03752319894684987,2025ytn,SN,SN Ia,0.046,SN 2025ytn
ZTF25abxedzr,48,1410,60964.47712960001,61031.35591439996,False,False,44,,,,,60964.47712960001,61031.35591439996,66.87878479994833,90.71657616382758,-23.691104158296802,0.012093576888120962,0.011074390316149967,SNIa,lc_classifier_BHRF_forced_phot,0.69438,27.5.7a32.dev1,True,0.06777677495548,2025aano,SN,SN Ia,0.038733,SN 2025aano
ZTF25acczido,48,2188,60986.19277779991,61031.17531249998,False,False,27,,,,,60986.19277779991,61031.17531249998,44.9825347000733,9.302473706590197,9.503490330769921,0.014179709910683931,0.013985100827976108,SNIa,lc_classifier_BHRF_forced_phot,0.636,27.5.7a32.dev1,True,0.1084454726614938,2025acua,SN,SN Ia,0.091,SN 2025acua
ZTF25abuvxsy,100,1398,60949.421122699976,61031.17269679997,False,False,31,,,,,60949.421122699976,61031.17269679997,81.7515740999952,65.85647976774925,5.816707882333084,0.013590906739668342,0.013520929558797998,SNIa,lc_classifier_BHRF_forced_phot,0.598728,27.5.7a32.dev1,True,0.004189753888088866,2025zia,SN,SN Ia,0.0694,SN 2025zia
ZTF25abwkmwj,66,1469,60959.369641200174,61031.15158559987,False,False,44,,,,,60959.369641200174,61031.15158559987,71.78194439969957,57.6817182046937,-2.4523709997017535,0.011220609929166627,0.01121033311739839,SNIa,lc_classifier_BHRF_forced_phot,0.770904,27.5.7a32.dev1,True,0.10080277915224241,2025zwm,SN,SN Ia,0.047,SN 2025zwm
ZTF25acdksaz,24,2478,60988.49043980008,61030.50717590004,False,False,24,,,,,60988.49043980008,61030.50717590004,42.016736099962145,174.9842127199005,1.1797677710813372,0.01524497340917228,0.015241741546528579,SNIa,lc_classifier_BHRF_forced_phot,0.624,27.5.7a32.dev1,True,0.11629452214218233,2025acva,AT,,,AT 2025acva
ZTF25acdgvbx,45,1016,60987.37644679984,61030.29412040021,False,False,35,,,,,60987.37644679984,61030.29412040021,42.91767360037193,81.67415254684633,-22.082989197687965,0.0129840015200057,0.01203149858663686,SNIa,lc_classifier_BHRF_forced_phot,0.676,27.5.7a32.dev1,True,0.017652951370835963,2025acsy,SN,SN Ia,0.055945,SN 2025acsy
ZTF25abymflq,60,2094,60967.23320600018,61030.16987269977,False,False,29,,,,,60967.23320600018,61030.16987269977,62.936666699592024,9.07641583384988,-4.181625555765496,0.013783835423942037,0.013747141412771613,SNIa,lc_classifier_BHRF_forced_phot,0.612,27.5.7a32.dev1,True,0.07780353063981402,2025abbz,AT,,,AT 2025abbz
ZTF25abxhgoi,51,821,60965.29356480017,61030.16888889996,False,False,49,,,,,60965.29356480017,61030.16888889996,64.8753240997903,14.835473965807514,-23.403300669599272,0.01139711601927838,0.01045949497906557,SNIa,lc_classifier_BHRF_forced_phot,0.676644,27.5.7a32.dev1,True,0.020073624637083766,2025aanv,SN,SN Ia,0.051,SN 2025aanv
ZTF25abxublf,41,737,60967.29324069992,61030.16888889996,False,False,37,,,,,60967.29324069992,61030.16888889996,62.87564820004627,18.63935700815005,-26.381760819991786,0.013745057198775506,0.012313554077206183,SNIa,lc_classifier_BHRF_forced_phot,0.733096,27.5.7a32.dev1,True,0.013990551051531646,2025aawj,SN,SN Ia,0.057069,SN 2025aawj
ZTF25acddazz,27,2370,60987.09320600005,61030.15474539995,False,False,27,,,,,60987.09320600005,61030.15474539995,43.06153939990327,345.6156713409746,40.902258171010324,0.01868346254980935,0.014121477561711164,SNIa,lc_classifier_BHRF_forced_phot,0.667968,27.5.7a32.dev1,True,0.09277745652545803,2025actq,SN,SN Ia,0.064,SN 2025actq
ZTF25abzqhgf,82,3412,60970.280798600055,61030.15332179982,False,False,34,,,,,60972.21967589995,61030.15332179982,57.93364589987323,347.80896623143434,35.39271672668885,0.015244702077408433,0.012427502640840913,SNIa,lc_classifier_BHRF_forced_phot,0.732,27.5.7a32.dev1,True,0.14284063856200024,2025abnx,SN,SN Ia,0.065,SN 2025abnx
ZTF25acbyrqc,106,3834,60979.10775459977,61030.15094910003,False,False,34,,,,,60980.1846758998,61030.15094910003,49.966273200232536,321.94279620905485,9.167205399460345,0.012684921414615899,0.012522904537796864,SNIa,lc_classifier_BHRF_forced_phot,0.643416,27.5.7a32.dev1,True,0.05107135784462501,2025accx,SN,SN Ia,0.035,SN 2025accx
ZTF25acayrnp,61,2365,60974.25965279993,61030.145960600115,False,False,37,,,,,60974.25965279993,61030.145960600115,55.88630780018866,355.980696619801,30.367052505253643,0.013962861286686917,0.01204721956130034,SNIa,lc_classifier_BHRF_forced_phot,0.72,27.5.7a32.dev1,True,0.11084266261936906,2025abxg,SN,SN Ia,0.054895,SN 2025abxg
ZTF25absdyqi,64,911,60938.29241900006,61030.08550930023,False,False,57,,,,,60938.29241900006,61030.08550930023,91.79309030016884,359.38201636040714,-22.003311166704687,0.010360421005337307,0.009605790552269827,SNIa,lc_classifier_BHRF_forced_phot,0.774648,27.5.7a32.dev1,True,0.0666019563698205,2025xxq,SN,SN Ia,0.033603,SN 2025xxq
ZTF25acateof,90,2903,60973.4916087999,61029.45516199991,False,False,28,,,,,60973.4916087999,61029.45516199991,55.96355320001021,150.9449012035818,41.60261810865582,0.018454351581704005,0.013799568696849979,SNIa,lc_classifier_BHRF_forced_phot,0.75438,27.5.7a32.dev1,True,0.214200754692743,2025abwp,SN,SN Ia,0.068,SN 2025abwp
ZTF21aavqphe,270,2085,58507.53603010019,61028.564641200006,False,False,81,,,,,59320.363865700085,61028.564641200006,1708.2007754999213,224.436702129959,6.624347400026994,0.008261986860017358,0.008206828274171064,SNIa,lc_classifier_BHRF_forced_phot,0.762144,27.5.7a32.dev1,True,0.1304663660211412,2021jvs,SN,SN Ia,0.021,SN 2021jvs
ZTF25acauqtp,38,2606,60976.14028939977,61028.11569439992,False,False,32,,,,,60976.14028939977,61028.11569439992,51.975405000150204,309.779210906378,20.181363327994138,0.013641415929812018,0.012803904761006204,SNIa,lc_classifier_BHRF_forced_phot,0.706584,27.5.7a32.dev1,True,0.010414425711734633,2025abvs,SN,SN Ia,0.052,SN 2025abvs
ZTF25abewmjr,236,3446,60884.32471060008,61026.14177080011,False,False,82,,,,,60884.33099539997,61026.14177080011,141.8107754001394,337.9813936496925,32.67869730387522,0.009519552900862798,0.008012717801402645,SNIa,lc_classifier_BHRF_forced_phot,0.6762,27.5.7a32.dev1,True,0.2695398238159987,2025snb,SN,SN Ia,0.011,SN 2025snb
ZTF25acdjiob,36,6364,58284.327048600186,61026.09530089982,True,False,33,,,,,60988.1026504999,61026.09530089982,37.992650399915874,287.9289781996698,49.364715214871104,0.019755144008420145,0.012865372904621081,SNIa,lc_classifier_BHRF_forced_phot,0.664,27.5.7a32.dev1,True,0.9039324394751552,2025acuj,SN,SN Ia,0.058,SN 2025acuj
ZTF21abhbkdv,34,6362,58284.327048600186,61024.09692130005,True,False,31,,,,,60988.1026504999,61024.09692130005,35.994270800147206,287.9289793352846,49.3647158758352,0.020223886283989245,0.013170637217468036,SNIa,lc_classifier_BHRF_forced_phot,0.638,27.5.7a32.dev1,True,0.9075009223527244,2025acuj,SN,SN Ia,0.058,SN 2025acuj
ZTF25abyfbss,60,2891,60967.48339120019,61021.42231479986,True,False,32,,,,,60968.40800930001,61021.42231479986,53.01430549984798,115.91797768129044,34.43972486900662,0.015781472528598888,0.01301532092774815,SNIa,lc_classifier_BHRF_forced_phot,0.658,27.5.7a32.dev1,True,0.05960625137173626,2025abdb,SN,SN Ia,0.06942,SN 2025abdb
ZTF25abzbzom,62,2659,60970.3017477002,61021.17989580007,False,False,26,,,,,60970.22214120021,61021.17989580007,50.9577545998618,358.7107316725687,33.97191781525963,0.017626839299606872,0.014618141221640865,SNIa,lc_classifier_BHRF_forced_phot,0.744,27.5.7a32.dev1,True,0.06490533112142897,2025ablw,SN,SN Ia,0.099,SN 2025ablw
ZTF25abadtsx,207,2095,60863.26824070001,61020.132418999914,False,False,107,,,,,60864.36379629979,61020.132418999914,155.76862270012498,311.156521396569,-1.7201254516066193,0.007019495564588489,0.007016332512354215,SNIa,lc_classifier_BHRF_forced_phot,0.768,27.5.7a32.dev1,True,0.06438891279233928,2025qpk,SN,SN Ia,0.01377,SN 2025qpk
ZTF25absdrsu,108,1583,60938.28524310002,61017.19018519996,False,False,41,,,,,60935.3347800998,61017.19018519996,81.85540510015562,9.477007231539469,-8.323870342730865,0.011953066897523188,0.01182714784308446,SNIa,lc_classifier_BHRF_forced_phot,0.678,27.5.7a32.dev1,True,0.23920002176200755,2025ygp,SN,SN Ia,0.057,SN 2025ygp
ZTF25abskhhq,44,2253,60939.14929400012,61015.13969910005,False,False,37,,,,,60941.204120399896,61015.13969910005,73.93557870015502,304.3424928860236,5.2392175084769725,0.012184975862792357,0.01213406837240782,SNIa,lc_classifier_BHRF_forced_phot,0.5994,27.5.7a32.dev1,True,0.03841863821892953,2025yhm,SN,SN Ia,0.023523,SN 2025yhm
ZTF20acxukfq,88,1715,58434.14037040016,61011.08557870006,True,False,61,,,,,60932.274432899896,61011.08557870006,78.81114580016583,334.50550609922544,-6.839348178812764,0.0031904631803802235,0.003167759644340087,SNIa,lc_classifier_BHRF_forced_phot,0.658424,27.5.7a32.dev1,True,0.45073652810607606,2025xvw,SN,SN Ia-91T-like,0.03309,SN 2025xvw
ZTF25abvepyj,41,1556,60950.51965280017,61006.41524309991,False,False,40,,,,,60950.51965280017,61006.41524309991,55.895590299740434,146.16993368165433,14.732126726206788,0.012617479349782542,0.012202683516041339,SNIa,lc_classifier_BHRF_forced_phot,0.624748,27.5.7a32.dev1,True,0.220722362235945,2025zno,SN,SN Ia,0.064167,SN 2025zno
ZTF25abwpmrd,54,1483,60960.28130789986,61005.25655090017,False,False,34,,,,,60960.28130789986,61005.25655090017,44.97524300031364,34.47196125880085,-16.01650156391458,0.013234213138478714,0.012720490863865086,SNIa,lc_classifier_BHRF_forced_phot,0.5976,27.5.7a32.dev1,True,0.17930679383256792,2025aadr,SN,SN Ia,0.07,SN 2025aadr
ZTF25abllldx,83,2283,60911.3276157002,61004.224768499844,False,False,49,,,,,60911.3276157002,61004.224768499844,92.8971527996473,352.89206802763704,46.30466832202953,0.015477086753926866,0.010691935100907093,SNIa,lc_classifier_BHRF_forced_phot,0.612912,27.5.7a32.dev1,True,0.12587619370616962,2025vnv,SN,SN Ia,0.04,SN 2025vnv
ZTF25abrgeib,66,1603,60934.232557899784,61003.15449069999,True,False,52,,,,,60935.15280089993,61003.15449069999,68.00168980006129,327.85314766438034,-16.66390212848229,0.003987457656638417,0.003819997779454436,SNIa,lc_classifier_BHRF_forced_phot,0.728,27.5.7a32.dev1,True,0.07438088091372896,2025xzy,SN,SN Ia,0.068,SN 2025xzy
ZTF25abxfpgs,8,3323,60978.10997689981,61003.09778939979,False,False,30,,,,,60965.11195599986,61003.09778939979,37.985833399929106,270.1818599797319,43.0380253297611,0.017929532761890767,0.013104711610380836,SNIa,lc_classifier_BHRF_forced_phot,0.626744,27.5.7a32.dev1,True,0.002889403130667671,2025aavv,SN,SN Ia,0.05094,SN 2025aavv
ZTF25abvqhcq,25,1825,60952.50517359981,60992.52437500004,False,False,25,,,,,60952.50517359981,60992.52437500004,40.01920140022412,136.95198546124502,21.179988055684657,0.015267157224572229,0.014235861109758786,SNIa,lc_classifier_BHRF_forced_phot,0.616764,27.5.7a32.dev1,True,0.10383750557495025,2025zpz,SN,SN Ia,0.08,SN 2025zpz
ZTF25abpxqho,60,1713,60929.18407410011,60992.288888900075,True,False,33,,,,,60929.23782410007,60992.288888900075,63.051064800005406,340.24920753624724,-1.3064389937372847,0.013083301246904329,0.013079899992141448,SNIa,lc_classifier_BHRF_forced_phot,0.656,27.5.7a32.dev1,True,0.1955093765761677,2025xgf,SN,SN Ia,0.06,SN 2025xgf
ZTF25abqzdbd,52,1372,60933.37633100012,60990.27929400001,True,False,38,,,,,60933.37633100012,60990.27929400001,56.90296299988404,29.19890967406849,-14.502885472866966,0.012407658519538891,0.01201228866751779,SNIa,lc_classifier_BHRF_forced_phot,0.684,27.5.7a32.dev1,True,0.186434247751754,2025xqf,SN,SN Ia,0.0685,SN 2025xqf
ZTF25absfiyt,111,1694,60938.33881939994,60990.26990740001,False,False,35,,,,,60939.35645829979,60990.26990740001,50.91344910021871,25.915269047317608,-8.453061190207134,0.012525235594660476,0.01238916902181682,SNIa,lc_classifier_BHRF_forced_phot,0.711704,27.5.7a32.dev1,True,0.12091350530211353,2025yfx,SN,SN Ia,0.096741,SN 2025yfx
ZTF25abqamzb,119,2770,60927.30256940005,60990.25288189994,True,False,34,,,,,60927.30256940005,60990.25288189994,62.95031249988824,11.66056221769623,29.897622492688026,0.01479132470874916,0.012822856997537298,SNIa,lc_classifier_BHRF_forced_phot,0.632,27.5.7a32.dev1,True,0.09809718949416973,2025xkn,SN,SN Ia,0.08,SN 2025xkn
ZTF25abuhvvs,147,4008,60948.266944400035,60990.23788189981,False,False,30,,,,,60949.296990700066,60990.23788189981,40.94089119974524,9.573345832161152,23.092588847801917,0.014492936810930446,0.01333164992806503,SNIa,lc_classifier_BHRF_forced_phot,0.664,27.5.7a32.dev1,True,0.032952600755943376,2025znu,AT,,,AT 2025znu
ZTF25absvroj,114,7063,60941.30170139996,60990.12324069999,True,False,41,,,,,60941.3026389,60990.122303199954,48.81966429995373,336.8961392509342,29.731120436924712,0.013090866782053453,0.011367614699187996,SNIa,lc_classifier_BHRF_forced_phot,0.681884,27.5.7a32.dev1,True,0.10513091156916075,2025ymx,SN,SN Ia,0.064,SN 2025ymx
ZTF25abogvjf,160,2764,60920.467673600186,60989.15533560002,False,False,39,,,,,60923.36458329996,60989.15533560002,65.79075230006129,29.98640338216537,35.45817735142571,0.014403366463771916,0.011732106056350331,SNIa,lc_classifier_BHRF_forced_phot,0.804,27.5.7a32.dev1,True,0.2161408104936075,2025wyq,SN,SN Ia,0.047,SN 2025wyq
ZTF25abtzltn,36,2533,60944.211620400194,60989.10598379979,False,False,34,,,,,60948.18871530006,60989.10598379979,40.91726849973202,320.6281780566768,-27.179987044438878,0.013762807247571646,0.01224306246131078,SNIa,lc_classifier_BHRF_forced_phot,0.704588,27.5.7a32.dev1,True,0.059448332714242436,2025ywa,SN,SN Ia-91T-like,0.037,SN 2025ywa
ZTF25abscivt,96,3761,60938.206412000116,60988.085243099835,False,False,26,,,,,60938.206412000116,60988.085243099835,49.87883109971881,322.0197513701381,11.21376809977743,0.014748592833684404,0.014467019205710512,SNIa,lc_classifier_BHRF_forced_phot,0.862,27.5.7a32.dev1,True,0.08868243749809204,2025yew,SN,SN Ia,0.07748712,SN 2025yew
ZTF25abqimds,86,5653,60928.18707180023,60988.074502300005,False,False,32,,,,,60928.18707180023,60988.074502300005,59.88743049977347,264.5716624527828,60.757284997765815,0.027334219271829413,0.013353047576227134,SNIa,lc_classifier_BHRF_forced_phot,0.686,27.5.7a32.dev1,True,0.03517756514077264,2025xjk,SN,SN Ia,0.079,SN 2025xjk
ZTF25absblvn,13,3304,60938.142488399986,60988.07243059995,False,False,37,,,,,60934.183877300005,60988.07243059995,53.88855329994112,269.1935772582935,43.20407673878022,0.016892876714455173,0.012313554077206183,SNIa,lc_classifier_BHRF_forced_phot,0.7,27.5.7a32.dev1,True,0.10321049507953527,2025yaa,SN,SN Ia,0.0736,SN 2025yaa
ZTF25abuvlkk,66,2550,60949.39371530013,60987.28293980006,False,False,28,,,,,60949.39371530013,60987.28293980006,37.889224499929696,16.82959659098523,36.284356361946145,0.017119143882890413,0.013799568696849977,SNIa,lc_classifier_BHRF_forced_phot,0.712,27.5.7a32.dev1,True,0.18428359626116797,2025zmw,SN,SN Ia,0.07,SN 2025zmw
ZTF25abieqtz,67,843,60899.37682869984,60987.25318290014,False,False,58,,,,,60899.37682869984,60987.25318290014,87.87635420029983,350.5114535207335,-23.501840854740966,0.010502909350430615,0.009631664064606422,SNIa,lc_classifier_BHRF_forced_phot,0.783096,27.5.7a32.dev1,True,0.1723946954393625,2025tqg,SN,SN Ia,0.02833,SN 2025tqg
ZTF25abqkiqr,49,1984,60930.351111100055,60972.18754629977,False,False,28,,,,,60932.22847220022,60981.0974653,48.86899309977889,315.7994257591871,-0.10287678286489439,0.0142040928813794,0.014204070269393214,SNIa,lc_classifier_BHRF_forced_phot,0.788,27.5.7a32.dev1,True,0.09420580863422975,2025xjv,SN,SN Ia,0.054,SN 2025xjv
ZTF25aboscbc,35,1480,60922.47802079981,60980.40189810004,True,False,25,,,,,60922.47802079981,60980.40189810004,57.923877300228924,74.58990053863185,5.0884876873004155,0.015061817444089654,0.015002457336567156,SNIa,lc_classifier_BHRF_forced_phot,0.595608,27.5.7a32.dev1,True,0.06736430494168906,2025wws,SN,SN Ia,0.07,SN 2025wws
ZTF25abioriw,118,2649,60901.35234950017,60980.30284720007,False,False,47,,,,,60901.37359949993,60980.30284720007,78.9292477001436,353.97720713025956,47.07646978468108,0.016047677210508163,0.010928815422180946,SNIa,lc_classifier_BHRF_forced_phot,0.878,27.5.7a32.dev1,True,0.045009584441924565,2025twl,SN,SN Ia,0.043,SN 2025twl
ZTF25abikaaq,180,4585,60899.44819439994,60969.30744209979,True,False,100,,,,,60900.38489580015,60979.39064810006,79.00575229991227,24.989546080691635,43.784035916592615,0.010194744976262202,0.007360127104545066,SNIa,lc_classifier_BHRF_forced_phot,0.6468,27.5.7a32.dev1,True,0.10603165677824825,2025tsu,SN,SN Ia,0.035,SN 2025tsu
ZTF25abjqeok,95,2022,60904.44866900006,60969.27609949978,False,False,38,,,,,60905.387557900045,60979.25437500002,73.86681709997356,25.57013110749704,7.658449913058563,0.012386750705595808,0.012276262123160806,SNIa,lc_classifier_BHRF_forced_phot,0.668,27.5.7a32.dev1,True,0.18159268056968014,2025ums,SN,SN Ia,0.0647,SN 2025ums
ZTF25abnqzug,79,2689,60917.32927080011,60975.35677079996,False,False,27,,,,,60917.32927080011,60975.35677079996,58.02749999985099,28.90389904690689,34.59471045582214,0.017682290641276365,0.014555863106315736,SNIa,lc_classifier_BHRF_forced_phot,0.724,27.5.7a32.dev1,True,0.29892409294764427,2025wsy,AT,,,AT 2025wsy
ZTF25aboruxa,88,4606,59175.33180559985,60969.30438659992,False,False,39,,,,,60920.40884259995,60975.19945599977,54.79061339981854,16.617121070870056,36.7674371188472,0.015508693150739552,0.012423574884665523,SNIa,lc_classifier_BHRF_forced_phot,0.612304,27.5.7a32.dev1,True,0.0539915033445191,2025wxg,SN,SN Ia,0.105,SN 2025wxg
ZTF25abufxwd,33,4707,60942.137928199954,60969.1597684999,False,False,18,,,,,60948.14190969989,60975.1301851999,26.988275500014424,247.92581513262581,48.88419307069806,0.025800390966593992,0.016965901315293658,SNIa,lc_classifier_BHRF_forced_phot,0.602792,27.5.7a32.dev1,True,0.2682113056387292,2025zhp,AT,,,AT 2025zhp
ZTF25ablmtlg,143,3928,60911.37041669991,60974.25578700006,False,False,34,,,,,60912.42181710014,60974.25578700006,61.833969899918884,6.9343569658891395,28.73545532780259,0.014507051598390051,0.012720490863865088,SNIa,lc_classifier_BHRF_forced_phot,0.824,27.5.7a32.dev1,True,0.03839820967659098,2025vll,SN,SN Ia,0.075,SN 2025vll
ZTF25ablufrt,72,1830,60910.41010419978,60972.23304399988,False,False,34,,,,,60910.41010419978,60972.23304399988,61.82293980009854,4.434913455348025,5.918272782076584,0.012688166281568457,0.012620537824342824,SNIa,lc_classifier_BHRF_forced_phot,0.608,27.5.7a32.dev1,True,0.1071642124981168,2025vrt,SN,SN Ia,0.07,SN 2025vrt
ZTF25abpkect,85,1769,60926.21641199989,60972.221249999944,False,False,64,,,,,60926.21641199989,60972.221249999944,46.00483800005168,327.939382345872,-6.907694641284718,0.0026088587950244173,0.002589921546760642,SNIa,lc_classifier_BHRF_forced_phot,0.592,27.5.7a32.dev1,True,0.09154385665072641,2025xby,SN,SN Ia,0.057723,SN 2025xby
ZTF25ablhwja,89,3651,60909.29747689981,60969.140775499865,False,False,49,,,,,60909.29747689981,60969.140775499865,59.84329860005528,310.01137247843866,1.0814708349882842,0.010243408810415728,0.010241583819633724,SNIa,lc_classifier_BHRF_forced_phot,0.722,27.5.7a32.dev1,True,0.05996743232609595,2025vis,SN,SN Ia,0.077589,SN 2025vis
ZTF25abceqol,62,2245,60876.32537040021,60969.11020829994,True,False,66,,,,,60876.32537040021,60969.11020829994,92.78483789972961,287.06069189458844,58.27031511274694,0.017228005080151834,0.009060421076501667,SNIa,lc_classifier_BHRF_forced_phot,0.708,27.5.7a32.dev1,True,0.04829842151945685,2025rpe,SN,SN Ia,0.045,SN 2025rpe
ZTF25abkqros,63,2429,60909.32240739977,60967.28880790016,True,False,37,,,,,60909.32240739977,60967.28880790016,57.96640050038695,355.9782143661619,40.02538626438272,0.015961698286786844,0.012222822965965743,SNIa,lc_classifier_BHRF_forced_phot,0.656,27.5.6,True,0.15205308692633893,2025uyi,SN,SN Ia,0.068,SN 2025uyi
ZTF25abmhmbk,76,1010,60914.189074099995,60961.14875000017,False,False,71,,,,,60914.189074099995,60961.14875000017,46.95967590017244,289.62109509416575,-25.284173652708613,0.00413168287226725,0.003735869933440452,SNIa,lc_classifier_BHRF_forced_phot,0.660672,27.5.6,True,0.02601234000931226,2025vnx,SN,SN Ia,0.0395,SN 2025vnx
ZTF25abqixdv,16,3447,60932.18039349979,60960.14476849977,False,False,15,,,,,60932.18039349979,60960.14476849977,27.964374999981374,281.1414894647509,33.7213130303292,0.02247227771027803,0.018691264317466153,SNIa,lc_classifier_BHRF_forced_phot,0.651384,27.5.6,True,0.015481350322128428,2025xnh,SN,SN Ia,0.0585,SN 2025xnh
ZTF25abghglc,65,5817,60888.258611099795,60957.174351899885,False,False,91,,,,,60888.258611099795,60957.174351899885,68.91574080009013,276.0540094038269,44.24826135303267,0.01073244483510752,0.007687898168156508,SNIa,lc_classifier_BHRF_forced_phot,0.702,27.5.6,True,0.22330072383601984,2025sxr,SN,SN Ia,0.0727,SN 2025sxr
ZTF19abkrlew,30,3388,58695.26718749991,60956.159791700076,True,False,29,,,,,60914.18414349994,60956.159791700076,41.9756482001394,285.9635558837666,47.07387611553882,0.020185074121154365,0.013747141412771613,SNIa,lc_classifier_BHRF_forced_phot,0.636,27.5.6,True,0.11128191974280247,2025vqv,SN,SN Ia,0.07,SN 2025vqv
ZTF25ablvccx,35,1415,60910.47910880018,60951.457094899844,False,False,22,,,,,60910.47910880018,60951.457094899844,40.97798609966412,75.09133952908326,6.8082873377038045,0.01531795966406556,0.015209942598643661,SNIa,lc_classifier_BHRF_forced_phot,0.6,27.5.6,True,0.07047851723795695,2025vpm,SN,SN Ia,0.068,SN 2025vpm
ZTF25abjkphq,36,1352,60904.42380789993,60951.44612269988,False,False,25,,,,,60904.42380789993,60951.44612269988,47.02231479994953,41.31406963825352,8.461935804736317,0.0146880556496382,0.01452815911363602,SNIa,lc_classifier_BHRF_forced_phot,0.624748,27.5.6,True,0.0579047514692841,2025tra,SN,SN Ia,0.039,SN 2025tra
ZTF25abjbwhq,93,2490,60903.38215279998,60951.277627300005,False,False,28,,,,,60904.38474539993,60951.277627300005,46.8928819000721,15.577295274791394,34.07707434760377,0.01714878010576399,0.014204070269393214,SNIa,lc_classifier_BHRF_forced_phot,0.692,27.5.6,True,0.07672948323269842,2025udr,AT,,,AT 2025udr
ZTF25abacyxb,55,3355,60861.41120370012,60950.17263890011,True,False,54,,,,,60861.41120370012,60950.17263890011,88.7614351999946,267.89928408051543,31.228428069465377,0.011793496492689442,0.010084702737824804,SNIa,lc_classifier_BHRF_forced_phot,0.651384,27.5.6,True,0.02633448321508137,2025qow,SN,SN Ia,0.043,SN 2025qow
ZTF25abgoqzv,104,1841,60887.48140050005,60949.33278940013,False,False,50,,,,,60888.466273100115,60949.33278940013,60.866516300011426,14.04615262585982,0.6486459130597129,0.00358045039337789,0.0035802209480006717,SNIa,lc_classifier_BHRF_forced_phot,0.726,27.5.6,True,0.16483786489309005,2025sxn,SN,SN Ia,0.082,SN 2025sxn
ZTF25aaxjzzz,251,2037,60851.36281249998,60949.286620399915,True,False,144,,,,,60851.36281249998,60949.286620399915,97.92380789993331,348.9072429174503,7.311809477118919,0.0018651522466900262,0.0018499852099047806,SNIa,lc_classifier_BHRF_forced_phot,0.706584,27.5.6,True,0.04774949349263968,2025oxz,SN,SN Ia,0.034702,SN 2025oxz
ZTF25aavdmzf,194,1910,60841.36371529987,60948.28847219981,False,False,168,,,,,60841.36371529987,60948.28847219981,106.92475689994171,331.0585287946586,-1.9974670515733504,0.0018043352912531748,0.0018032388256815142,SNIa,lc_classifier_BHRF_forced_phot,0.852852,27.5.6,True,0.08387018976188831,2025nou,SN,SN Ia,0.040716,SN 2025nou
ZTF25aaxjntk,85,2138,60851.34142359998,60948.27542820014,False,False,74,,,,,60851.34142359998,60948.27542820014,96.93400460015982,316.9606550572033,18.15216426382388,0.008964827976612627,0.008518670646238692,SNIa,lc_classifier_BHRF_forced_phot,0.80808,27.5.6,True,0.10619722864172684,2025oxy,SN,SN Ia,0.01633,SN 2025oxy
ZTF25abckwuq,82,2368,60877.267777800094,60948.21996530006,False,False,46,,,,,60878.25762729999,60948.21996530006,69.9623380000703,277.626621107501,26.83102795822435,0.012424219029618952,0.01108664634287789,SNIa,lc_classifier_BHRF_forced_phot,0.874248,27.5.6,True,0.011965050060408768,2025rvy,SN,SN Ia,0.054,SN 2025rvy
ZTF25abbwsqe,74,5205,58312.20803239988,60948.16090280004,False,False,33,,,,,60875.257962999865,60948.16090280004,72.90293980017304,258.10350968158707,42.26515697636367,0.017244999571553593,0.012761993365825277,SNIa,lc_classifier_BHRF_forced_phot,0.737548,27.5.6,True,0.31370414674930236,2025rlr,SN,SN Ia,0.0368,SN 2025rlr
ZTF25aaqoukg,162,2515,60814.315775500145,60948.12445600005,True,False,48,,,,,60814.315775500145,60948.12445600005,133.80868049990386,237.3858280755879,20.6454691527227,0.01132488462967697,0.010597600607353949,SNIa,lc_classifier_BHRF_forced_phot,0.673484,27.5.6,True,0.22302836434494938,2025krk,SN,SN Ia,0.015974,SN 2025krk
ZTF25abekolv,129,1512,60882.35589119978,60943.23002310004,False,False,122,,,,,60882.35589119978,60943.23002310004,60.87413190025836,319.6376389202584,-18.179902536776613,0.001964435228189252,0.0018663736226494198,SNIa,lc_classifier_BHRF_forced_phot,0.618648,27.5.6,True,0.10082066541740174,2025slm,SN,SN Ia,0.09,SN 2025slm
ZTF25abiwxpf,34,2521,60903.22849539993,60943.2276504999,False,False,27,,,,,60903.22849539993,60943.2276504999,39.99915509996936,311.92505099028085,20.256712813637034,0.015052460701168767,0.014121477561711164,SNIa,lc_classifier_BHRF_forced_phot,0.772452,27.5.6,True,0.044872088076607836,2025tzu,SN,SN Ia,0.042,SN 2025tzu
ZTF25aazxxqi,66,5185,60097.366169000044,60934.181006900035,False,False,33,,,,,60862.295520800166,60934.181006900035,71.88548609986901,261.015728644341,51.56208623524889,0.02086538692199098,0.012971306147207436,SNIa,lc_classifier_BHRF_forced_phot,0.726544,27.5.6,True,0.070112532720147,2025qmi,SN,SN Ia,0.061,SN 2025qmi
ZTF25aaxnchn,82,2134,60851.34142359998,60932.28968749987,False,False,65,,,,,60851.34142359998,60932.28968749987,80.94826389988884,316.9606544080812,18.152163200128168,0.009550696613034315,0.009075382092257162,SNIa,lc_classifier_BHRF_forced_phot,0.823472,27.5.6,True,0.1017724055177813,2025oxy,SN,SN Ia,0.01633,SN 2025oxy
ZTF25aaxeojh,174,1748,60850.45115739992,60932.25021990016,False,False,163,,,,,60850.45115739992,60932.25021990016,81.79906250024214,332.5443326834492,-7.65005083377538,0.0017987704865860613,0.0017827607150834692,SNIa,lc_classifier_BHRF_forced_phot,0.781696,27.5.6,True,0.07623496585613627,2025ows,SN,SN Ia,0.049,SN 2025ows
ZTF25aayxghj,74,975,60858.3762730998,60932.231307900045,True,False,70,,,,,60858.3762730998,60932.231307900045,73.85503480024636,310.9307692374751,-26.408684946297434,0.010050092444973275,0.009001308487077702,SNIa,lc_classifier_BHRF_forced_phot,0.640224,27.5.6,True,0.03003590767583275,2025qfr,SN,SN Ia,0.049,SN 2025qfr
ZTF25aazufyf,150,1524,60860.38721060008,60932.22280090023,True,False,136,,,,,60861.373205999844,60932.22280090023,70.84959490038455,317.0100870300796,-15.596411677774876,0.0019977726249122813,0.001924213420781618,SNIa,lc_classifier_BHRF_forced_phot,0.663336,27.5.6,True,0.04467264329662892,2025qmg,SN,SN Ia,0.07,SN 2025qmg
ZTF25abhibmk,56,3657,60890.316111099906,60928.22473380016,False,False,28,,,,,60891.28594909981,60928.223796300124,36.937847200315446,322.5881858472024,8.322258774770775,0.01381773054392319,0.013672224500026968,SNIa,lc_classifier_BHRF_forced_phot,0.702,27.5.6,True,0.11138056824708398,2025tip,SN,SN Ia,0.0928,SN 2025tip
ZTF25aascfmn,91,3363,60821.330196800176,60922.2074190001,False,False,68,,,,,60821.330196800176,60922.2074190001,100.87722219992429,276.7629988140043,51.05352190437344,0.014309304946474722,0.008994745349860526,SNIa,lc_classifier_BHRF_forced_phot,0.76,27.5.6,True,0.1329411211637598,2025mhp,SN,SN Ia,0.0463,SN 2025mhp
ZTF25abbshoi,37,2136,60873.23951390013,60920.1722569,False,False,39,,,,,60873.23951390013,60920.1722569,46.932742999866605,283.543080753211,41.29573829724212,0.015510908808679209,0.011653550716834328,SNIa,lc_classifier_BHRF_forced_phot,0.718,27.5.6,True,0.12073163549146541,2025rid,SN,SN Ia,0.059,SN 2025rid
ZTF25abcfyxt,108,1792,60875.3995254999,60919.35329859983,False,False,99,,,,,60876.42152780015,60919.35329859983,42.931770799681544,348.1343791426666,-0.20763516946761537,0.003053225758889799,0.0030532055642724476,SNIa,lc_classifier_BHRF_forced_phot,0.746,27.5.6,True,0.11034182874242018,2025roy,SN,SN Ia,0.077,SN 2025roy
ZTF25aatvtvy,56,1572,60831.3833912001,60919.3504745001,False,False,39,,,,,60831.3833912001,60919.3504745001,87.9670832999982,349.26935305456436,18.599774088286175,0.012549572105160075,0.011894103480742673,SNIa,lc_classifier_BHRF_forced_phot,0.641712,27.5.6,True,0.0544024777542524,2025mxn,SN,SN Ia,0.04,SN 2025mxn
ZTF25aaqqcld,114,4174,60814.42996530002,60919.32093749987,False,False,115,,,,,60814.42996530002,60919.32093749987,104.89097219984978,340.6997223098165,51.50386567128648,0.010976709968030636,0.006832582868771831,SNIa,lc_classifier_BHRF_forced_phot,0.6409,27.5.6,True,0.01313758229998312,2025kyy,SN,SN Ia,0.06,SN 2025kyy
